source_name,category
가맹교육비,⑨ 기타판관비
간선비,⑨ 기타판관비
"간이공사비,판관비",③ 지급/용역수수료
감가상각비,⑥ 감가상각비
"감가상각비,사용권자산",⑥ 감가상각비
"감가상각비,유형자산",⑥ 감가상각비
"감가상각비,투자부동산",⑥ 감가상각비
"감가상각비,판관비",⑥ 감가상각비
감가상각비및무형자산상각비,⑥ 감가상각비
감가상각비및투자부동산상각비,⑥ 감가상각비
감가상각비와무형자산상각비,⑥ 감가상각비
감가상각비와상각비,⑥ 감가상각비
강사료,③ 지급/용역수수료
개발비,⑨ 기타판관비
건물관리비,⑤ 임차/관리비
"건물관리비,판관비",⑤ 임차/관리비
견본비,⑨ 기타판관비
견본품비,⑨ 기타판관비
"견본품비,판관비",⑨ 기타판관비
결손금,이익잉여금
경상개발비,⑨ 기타판관비
"경상개발비,판관비",⑨ 기타판관비
경상관리비,⑤ 임차/관리비
경상연구개발비,⑨ 기타판관비
계약부채,순운전자본-
관리비,⑤ 임차/관리비
관리수수료,③ 지급/용역수수료
광고비,④ 광고선전비
광고선전비,④ 광고선전비
"광고선전비,판관비",④ 광고선전비
광고선전비및판매촉진비,④ 광고선전비
교육운영비,⑨ 기타판관비
교육훈련비,② 복리후생비
"교육훈련비,판관비",② 복리후생비
금융기관장기차입금,순운전자본-
"급식비,판관비",② 복리후생비
급여,① 인건비
"급여,판관비",① 인건비
급여및상여,① 인건비
급여및상여금,① 인건비
급여및퇴직급여,① 인건비
급여와임금,① 인건비
기대신용손실충당금전입,⑨ 기타판관비
기술사용료,③ 지급/용역수수료
"기술연구비,판관비",⑨ 기타판관비
기업업무추진비,⑨ 기타판관비
"기업업무추진비,판관비",⑨ 기타판관비
기타,⑨ 기타판관비
"기타,판관비",⑨ 기타판관비
기타금융부채,순운전자본-
기타금융자산,순운전자본+
기타단기금융부채,순운전자본-
기타단기금융자산,순운전자본+
기타비용,⑨ 기타판관비
기타수수료비용,③ 지급/용역수수료
기타수취채권,순운전자본+
기타영업비용,⑨ 기타판관비
기타운영비,⑨ 기타판관비
기타유동금융부채,순운전자본-
기타유동금융자산,순운전자본+
기타유동지급채무,순운전자본-
기타장기종업원급여,① 인건비
기타지급채무,순운전자본-
기타충당부채전입액,⑨ 기타판관비
기타판매비와관리비,⑨ 기타판관비
단기금융부채,순운전자본-
단기금융상품,순운전자본+
단기금융예치금,순운전자본+
단기금융자산,순운전자본+
단기대여금,순운전자본+
단기매매금융자산,순운전자본+
단기매매증권,순운전자본+
단기매입채무,순운전자본-
단기미지급금,순운전자본-
단기사채,순운전자본-
단기종업원급여비용,① 인건비
단기차입금,순운전자본-
단기차입금및유동성장기부채,순운전자본-
단기차입금및유동성장기차입금,순운전자본-
당기손익-공정가치금융자산,순운전자본+
당기손익-공정가치측정금융자산,순운전자본+
당기손익에포함되는퇴직급여비용,① 인건비
당기순손실,Ⅷ. 당기순손익(Ⅴ+Ⅵ-Ⅶ)
당기순손익,Ⅷ. 당기순손익(Ⅴ+Ⅵ-Ⅶ)
당기순이익,Ⅷ. 당기순손익(Ⅴ+Ⅵ-Ⅶ)
당기연결순이익,Ⅷ. 당기순손익(Ⅴ+Ⅵ-Ⅶ)
대손상각비,⑨ 기타판관비
"대손상각비,판관비",⑨ 기타판관비
대손충당금,순운전자본+
대외업무활동비,⑨ 기타판관비
대행사수수료,③ 지급/용역수수료
대행수수료,③ 지급/용역수수료
도서문구비,② 복리후생비
도서원가,② 복리후생비
도서인쇄비,② 복리후생비
"도서인쇄비,판관비",② 복리후생비
로열티비용,③ 지급/용역수수료
리스료,⑨ 기타판관비
리스부채,리스부채
리스비유동부채,리스부채
리스유동부채,리스부채
리스자산상각비,⑤ 임차/관리비
매도가능증권,순운전자본+
매입채무,순운전자본-
매입채무및기타유동채무,순운전자본-
매입채무및기타지급채무,순운전자본-
매입채무및기타채무,순운전자본-
매장수수료,⑤ 임차/관리비
매체사수수료,③ 지급/용역수수료
매출,Ⅰ. 매출액
매출액,Ⅰ. 매출액
매출연동비,③ 지급/용역수수료
매출원가,Ⅱ. 매출원가
매출채권,순운전자본+
매출채권대손충당금,순운전자본+
매출채권및계약자산,순운전자본+
매출채권및기타수취채권,순운전자본+
매출채권및기타유동채권,순운전자본+
매출채권및기타채권,순운전자본+
매출채권손상차손,⑨ 기타판관비
매출총이익,Ⅲ. 매출총이익(Ⅰ - Ⅱ)
무형고정자산상각,⑥ 감가상각비
무형고정자산상각비,⑥ 감가상각비
무형자산감가상각비,⑥ 감가상각비
무형자산상각비,⑥ 감가상각비
"무형자산상각비,판관비",⑥ 감가상각비
물류비,⑦ 물류/운반비
물류수수료,⑦ 물류/운반비
미수금,순운전자본+
미수금및기타수취채권,순운전자본+
미지급금,순운전자본-
미지급금및기타지급채무,순운전자본-
미지급법인세,순운전자본-
미지급비용,순운전자본-
미처분이익잉여금,이익잉여금
보관료,⑦ 물류/운반비
보험료,⑨ 기타판관비
"보험료,판관비",⑨ 기타판관비
복구충당부채전입액,⑨ 기타판관비
복구충당부채환입액,⑨ 기타판관비
복구충당전입,⑨ 기타판관비
복리후생비,② 복리후생비
"복리후생비,판관비",② 복리후생비
부가가치세예수금,순운전자본-
부가세예수금,순운전자본-
부채총계,부채총계
비유동리스부채,리스부채
비품비,⑨ 기타판관비
사무비,⑨ 기타판관비
사무용품비,⑨ 기타판관비
사용권자산,사용권자산
사용권자산감가상각비,⑤ 임차/관리비
사용권자산상각비,⑤ 임차/관리비
"사용권자산상각비,판관비",⑤ 임차/관리비
사채,순운전자본-
상각후원가측정금융자산,순운전자본+
상여,① 인건비
"상여,판관비",① 인건비
상여금,① 인건비
상품,재고자산
상품개발비,⑨ 기타판관비
상품구입비용,⑨ 기타판관비
상품매입비등,⑨ 기타판관비
상품매출원가,⑨ 기타판관비
상품원가,⑨ 기타판관비
샘플비,⑨ 기타판관비
서비스이용수수료,③ 지급/용역수수료
선수금,순운전자본-
세금과공과,⑨ 기타판관비
"세금과공과,판관비",⑨ 기타판관비
세금과공과금,⑨ 기타판관비
소모품등매입,⑨ 기타판관비
소모품비,⑨ 기타판관비
"소모품비,판관비",⑨ 기타판관비
수납수수료,③ 지급/용역수수료
수도광열비,⑤ 임차/관리비
"수도광열비,판관비",⑤ 임차/관리비
수선비,⑨ 기타판관비
"수선비,판관비",⑨ 기타판관비
수선유지비,⑨ 기타판관비
수수료,③ 지급/용역수수료
수익,Ⅰ. 매출액
수출경비,⑨ 기타판관비
수출비,③ 지급/용역수수료
수출비용,③ 지급/용역수수료
"수출손실비,판관비",③ 지급/용역수수료
수출입제비용,③ 지급/용역수수료
수출제비용,③ 지급/용역수수료
"수출제비용,판관비",③ 지급/용역수수료
시설사용료,⑨ 기타판관비
"시장개척비,판관비",⑨ 기타판관비
시험연구비,⑨ 기타판관비
업무추진비,⑨ 기타판관비
"업무추진비,판관비",② 복리후생비
여비,② 복리후생비
여비교통비,② 복리후생비
"여비교통비,판관비",② 복리후생비
연결이익잉여금,이익잉여금
연구개발비,⑨ 기타판관비
"연구개발비,판관비",⑨ 기타판관비
연구와개발비용,⑨ 기타판관비
연구인력개발비,⑨ 기타판관비
영업비용,Ⅳ. 판매비와 관리비
영업손실,Ⅴ. 영업손익(Ⅲ - Ⅳ)
영업손익,Ⅴ. 영업손익(Ⅲ - Ⅳ)
영업수익,Ⅰ. 매출액
영업이익,Ⅴ. 영업손익(Ⅲ - Ⅳ)
영업일반관리비,Ⅳ. 판매비와 관리비
영업활동비,⑨ 기타판관비
영업활동으로인한현금흐름,영업활동현금흐름
영업활동현금흐름,영업활동현금흐름
예수금,순운전자본-
외상매입금,순운전자본-
외상매출금,순운전자본+
외주가공비,⑨ 기타판관비
외주비,③ 지급/용역수수료
외주용역비,③ 지급/용역수수료
"외주용역비,판관비",③ 지급/용역수수료
외주인건비,③ 지급/용역수수료
용역비,③ 지급/용역수수료
운반및임차료,⑦ 물류/운반비
운반보관비,⑦ 물류/운반비
"운반보관비,판관비",⑦ 물류/운반비
운반비,⑦ 물류/운반비
"운반비,판관비",⑦ 물류/운반비
운송보관료,⑦ 물류/운반비
"운송보관비,판관비",⑨ 기타판관비
"운임및보관료,판관비",⑦ 물류/운반비
원재료및소모품사용,⑨ 기타판관비
위탁용역비,③ 지급/용역수수료
위탁운영비,③ 지급/용역수수료
유동금융기관차입금,순운전자본-
유동금융자산,순운전자본+
유동당기손익공정가치측정금융자산,순운전자본+
유동당기손익인식금융자산,순운전자본+
유동리스부채,리스부채
유동매입채무,순운전자본-
유동매출채권,순운전자본+
유동사채,순운전자본-
유동성금융부채,순운전자본-
유동성당기손익-공정가치측정금융부채,순운전자본-
유동성당기손익-공정가치측정금융자산,순운전자본+
유동성리스부채,리스부채
유동성사채,순운전자본-
유동성사채및단기차입금,순운전자본-
유동성사채및차입금,순운전자본-
유동성장기부채,순운전자본-
유동성장기사채,순운전자본-
유동성장기차입금,순운전자본-
유동재고자산,재고자산
유동차입금,순운전자본-
유동차입금및비유동차입금,순운전자본-
유형자산감가상각비,⑥ 감가상각비
이익잉여금,이익잉여금
인건비,① 인건비
인력개발비,⑨ 기타판관비
일반관리비,Ⅳ. 판매비와 관리비
임금,① 인건비
임직원급여,① 인건비
임차관리비,⑤ 임차/관리비
"임차관리비,판관비",⑤ 임차/관리비
임차료,⑤ 임차/관리비
"임차료,판관비",⑤ 임차/관리비
임차료및관리비,⑤ 임차/관리비
자본총계,자본총계
자산총계,자산총계
잡급,① 인건비
잡비,⑨ 기타판관비
"잡비,판관비",⑨ 기타판관비
"잡손실,판관비",⑨ 기타판관비
"장기종업원급여,판관비",① 인건비
장치장식비,⑨ 기타판관비
재고자산,재고자산
재고자산평가손실,⑨ 기타판관비
재고자산평가손실환입,⑨ 기타판관비
재고자산평가충당금,재고자산
재무활동으로인한현금흐름,재무활동현금흐름
재무활동현금흐름,재무활동현금흐름
전력비,⑤ 임차/관리비
"전력비,판관비",⑤ 임차/관리비
전산비,⑨ 기타판관비
전시회비,⑨ 기타판관비
접대비,⑨ 기타판관비
"접대비,판관비",⑨ 기타판관비
정보료,③ 지급/용역수수료
정보통신비,⑤ 임차/관리비
제세공과금,⑨ 기타판관비
제수당,① 인건비
제품과재공품의증가,⑨ 기타판관비
제품및상품의변동,⑨ 기타판관비
"조사분석비,판관비",⑨ 기타판관비
조사연구비,⑨ 기타판관비
종업원급여,① 인건비
종업원급여비용,① 인건비
종업원주식기준보상거래로부터의비용,⑨ 기타판관비
주식보상비,⑨ 기타판관비
주식보상비용,⑨ 기타판관비
주식보상비용환입,⑨ 기타판관비
주차관리비,⑤ 임차/관리비
주차권지급료,⑤ 임차/관리비
지급수수료,③ 지급/용역수수료
"지급수수료,판관비",③ 지급/용역수수료
지급임차료,⑤ 임차/관리비
"지급임차료,판관비",⑤ 임차/관리비
지방위탁수수료,③ 지급/용역수수료
직원급여,① 인건비
집기제작비,⑨ 기타판관비
차량비,⑨ 기타판관비
차량유지비,② 복리후생비
"차량유지비,판관비",② 복리후생비
차입금,순운전자본-
차입금및사채,순운전자본-
촬영진행비,⑨ 기타판관비
충당부채전입,⑨ 기타판관비
카드수수료,③ 지급/용역수수료
캐쉬백수수료,③ 지급/용역수수료
클라우드서버비,③ 지급/용역수수료
통신비,⑤ 임차/관리비
"통신비,판관비",⑤ 임차/관리비
퇴직급여,① 인건비
"퇴직급여,판관비",① 인건비
"투자부동산감가상각비,판관비",⑨ 기타판관비
투자부동산상각비,⑥ 감가상각비
투자활동으로인한현금흐름,투자활동현금흐름
투자활동현금흐름,투자활동현금흐름
판매관리비,Ⅳ. 판매비와 관리비
판매및일반관리비,Ⅳ. 판매비와 관리비
"판매보증비,판관비",⑨ 기타판관비
판매부대비,③ 지급/용역수수료
판매비,Ⅳ. 판매비와 관리비
판매비와관리비,Ⅳ. 판매비와 관리비
판매수수료,③ 지급/용역수수료
"판매수수료,판관비",③ 지급/용역수수료
판매장려금,④ 광고선전비
판매촉진비,④ 광고선전비
"판매촉진비,판관비",④ 광고선전비
판촉비,④ 광고선전비
포인트비용,⑨ 기타판관비
포장비,⑦ 물류/운반비
"포장비,판관비",⑦ 물류/운반비
프로젝트비,⑨ 기타판관비
하자보수비,⑨ 기타판관비
해외시장개척비,⑨ 기타판관비
해외접대비,⑨ 기타판관비
해외출장비,⑨ 기타판관비
행사비,⑨ 기타판관비
"행사비,판관비",⑨ 기타판관비
현금및현금성자산,순운전자본+
현금및현금성자산의변동,현금의 증감
현금및현금성자산의순증가,현금의 증감
현금및현금성자산의순증감,현금의 증감
현금및현금성자산의증가,현금의 증감
현금및현금성자산의증감,현금의 증감
현금및현금성자산증가,현금의 증감
현금의증가,현금의 증감
현금의증감,현금의 증감
협회비,⑨ 기타판관비
"환경개선비,판관비",⑨ 기타판관비
환경유지비,⑨ 기타판관비
"환경유지비,판관비",⑨ 기타판관비
환율변동효과반영전현금및현금성자산의순증가,현금의 증감
환율변동효과전현금및현금성자산의증가,현금의 증감
회원사지급수수료,③ 지급/용역수수료
"회의및행사비,판관비",② 복리후생비
회의비,⑨ 기타판관비
"회의비,판관비",② 복리후생비
